,Sales,Quantity,Discount,Profit
Sales,1.0,-0.13285402313407882,0.17640235073815402,0.8248096820714457
Quantity,-0.13285402313407882,1.0,-0.13608432883180754,-0.10382338113351498
Discount,0.17640235073815402,-0.13608432883180754,1.0,0.10226497310565213
Profit,0.8248096820714457,-0.10382338113351498,0.10226497310565213,1.0
